train_loss,valid_loss
0.287335,0.645760
0.277422,0.651228
0.269130,0.668230
0.259710,0.702449
0.249170,0.738174
0.241572,0.732887
0.229399,0.780810
0.219883,1.078082
0.211244,0.708309
0.203414,0.744548
0.198599,0.741481
0.193132,0.740392
0.188431,0.709158
0.184497,0.748066
0.182093,0.736018
0.179182,0.747908
0.178092,0.757793
0.176884,0.756326
0.176236,0.755562
0.175860,0.748500
