train_loss,valid_loss
0.679119,0.688004
0.621653,0.641772
0.512678,0.508842
0.464261,0.407953
0.420487,0.364680
0.404911,0.416175
0.368128,0.403390
0.361136,0.344278
0.361283,0.342725
0.389204,0.377968
0.351132,0.350731
0.352718,0.351212
0.344656,0.335739
0.338539,0.347239
0.341086,0.337022
0.344930,0.342642
0.335033,0.337787
0.332784,0.331685
0.335788,0.330956
0.336578,0.326922
