mse,mae
0.402429,0.416105
