mse,mae
0.401449,0.414918
