mse,mae
0.380290,0.408306
