mse,mae
0.397463,0.414593
