mse,mae
0.392827,0.408761
