train_loss,valid_loss
1.001085,1.471795
1.001085,1.471795
1.001085,1.471795
1.001086,1.471795
