mse,mae
0.632981,0.585949
