mse,mae
0.489953,0.462671
