mse,mae
0.670754,0.570142
