mse,mae
0.501761,0.481238
