mse,mae
0.499957,0.493335
