mse,mae
0.480138,0.489757
