mse,mae
0.288487,0.340301
