train_loss,valid_loss
0.265881,0.381758
0.260581,0.378486
0.251612,0.376093
0.243468,0.369836
0.237490,0.368206
0.232430,0.366865
0.227935,0.367599
0.223847,0.367239
0.220264,0.366299
0.217167,0.365004
0.214460,0.367574
0.211482,0.367872
0.209327,0.371618
0.207174,0.370281
0.205659,0.369934
0.203913,0.369406
0.203124,0.372189
0.202262,0.369923
0.201665,0.370359
0.201528,0.370449
